{
  "viscosity": 2.511725448531675,
  "octane": 70.01172544853168
}