{
  "viscosity": 2.5315089590541033,
  "octane": 70.03150895905411
}