{
  "shots": 256,
  "phase_angle": 1.0471975512,
  "counts": {
    "0": 193,
    "1": 63
  },
  "example_sigma_trace": {
    "sigma_by_stage": [
      {
        "real": 1.414213562373095,
        "imag": 0.0,
        "abs": 1.414213562373095
      },
      {
        "real": 1.0606601717777377,
        "imag": 0.6123724356969974,
        "abs": 1.2247448713903861
      },
      {
        "real": 0.9999999999999998,
        "imag": 0.0,
        "abs": 0.9999999999999998
      },
      {
        "real": 0.9999999999999998,
        "imag": 0.0,
        "abs": 0.9999999999999998
      }
    ],
    "n_projection_residuals": [],
    "measurements": [
      {
        "stage_index": 3,
        "outcome": 0,
        "distribution": [
          0.7499999999985267,
          0.25000000000147327
        ]
      }
    ]
  },
  "example_final_state": {
    "amplitudes_real": [
      0.7499999999985266,
      0.25000000000147315
    ],
    "amplitudes_imag": [
      0.43301270189306984,
      -0.43301270189306984
    ],
    "probabilities": [
      0.7499999999985267,
      0.25000000000147327
    ],
    "sigma": {
      "real": 0.9999999999999998,
      "imag": 0.0,
      "abs": 0.9999999999999998
    }
  }
}